레포지토리,태그명,릴리즈명,작성자,배포일시,드래프트,프리릴리즈
stackflow,@stackflow/react-ui-core@1.3.2,@stackflow/react-ui-core@1.3.2,github-actions[bot],2025-05-29T08:08:59Z,false,false
stackflow,@stackflow/plugin-basic-ui@1.14.2,@stackflow/plugin-basic-ui@1.14.2,github-actions[bot],2025-05-29T08:08:56Z,false,false
stackflow,@stackflow/react-ui-core@1.3.1,@stackflow/react-ui-core@1.3.1,github-actions[bot],2025-05-15T09:08:02Z,false,false
stackflow,@stackflow/plugin-basic-ui@1.14.1,@stackflow/plugin-basic-ui@1.14.1,github-actions[bot],2025-05-15T09:07:59Z,false,false
stackflow,@stackflow/react@1.5.2,@stackflow/react@1.5.2,github-actions[bot],2025-05-12T07:52:17Z,false,false
stackflow,@stackflow/react-ui-core@1.3.0,@stackflow/react-ui-core@1.3.0,github-actions[bot],2025-04-09T10:08:22Z,false,false
stackflow,@stackflow/plugin-basic-ui@1.14.0,@stackflow/plugin-basic-ui@1.14.0,github-actions[bot],2025-04-09T10:08:19Z,false,false
stackflow,@stackflow/react-ui-core@1.2.3,@stackflow/react-ui-core@1.2.3,github-actions[bot],2025-03-27T06:55:24Z,false,false
stackflow,@stackflow/plugin-basic-ui@1.13.1,@stackflow/plugin-basic-ui@1.13.1,github-actions[bot],2025-03-27T06:55:22Z,false,false
stackflow,@stackflow/react-ui-core@1.2.2,@stackflow/react-ui-core@1.2.2,github-actions[bot],2025-03-14T06:58:35Z,false,false
stackflow,@stackflow/plugin-basic-ui@1.13.0,@stackflow/plugin-basic-ui@1.13.0,github-actions[bot],2025-03-14T06:58:32Z,false,false
stackflow,@stackflow/react@1.5.1,@stackflow/react@1.5.1,github-actions[bot],2025-02-24T11:45:06Z,false,false
stackflow,@stackflow/react@1.5.0,@stackflow/react@1.5.0,github-actions[bot],2025-02-14T02:06:57Z,false,false
stackflow,@stackflow/plugin-basic-ui@1.12.0,@stackflow/plugin-basic-ui@1.12.0,github-actions[bot],2025-02-14T02:07:00Z,false,false
stackflow,@stackflow/core@1.2.0,@stackflow/core@1.2.0,github-actions[bot],2025-02-14T02:06:54Z,false,false
stackflow,@stackflow/react@1.4.2,@stackflow/react@1.4.2,github-actions[bot],2025-01-22T12:13:17Z,false,false
stackflow,@stackflow/plugin-history-sync@1.7.1,@stackflow/plugin-history-sync@1.7.1,github-actions[bot],2025-01-22T12:13:19Z,false,false
stackflow,@stackflow/link@1.6.1,@stackflow/link@1.6.1,github-actions[bot],2025-01-22T12:13:13Z,false,false
stackflow,@stackflow/core@1.1.1,@stackflow/core@1.1.1,github-actions[bot],2025-01-22T12:13:10Z,false,false
stackflow,@stackflow/config@1.2.1,@stackflow/config@1.2.1,github-actions[bot],2025-01-22T12:13:08Z,false,false
stackflow,@stackflow/react-ui-core@1.2.1,@stackflow/react-ui-core@1.2.1,github-actions[bot],2024-12-18T12:26:00Z,false,false
stackflow,@stackflow/react-ui-core@1.2.0,@stackflow/react-ui-core@1.2.0,github-actions[bot],2024-12-18T07:57:55Z,false,false
stackflow,@stackflow/plugin-basic-ui@1.11.1,@stackflow/plugin-basic-ui@1.11.1,github-actions[bot],2024-12-18T14:29:36Z,false,false
stackflow,@stackflow/plugin-basic-ui@1.11.0,@stackflow/plugin-basic-ui@1.11.0,github-actions[bot],2024-12-18T07:57:52Z,false,false
stackflow,@stackflow/plugin-basic-ui@1.10.1,@stackflow/plugin-basic-ui@1.10.1,github-actions[bot],2024-11-19T10:39:01Z,false,false
stackflow,@stackflow/link@1.6.0,@stackflow/link@1.6.0,github-actions[bot],2024-11-08T01:57:26Z,false,false
stackflow,@stackflow/react@1.4.1,@stackflow/react@1.4.1,github-actions[bot],2024-10-23T05:42:16Z,false,false
stackflow,@stackflow/react@1.4.0,@stackflow/react@1.4.0,github-actions[bot],2024-09-26T06:24:57Z,false,false
stackflow,@stackflow/plugin-preload@1.4.3,@stackflow/plugin-preload@1.4.3,github-actions[bot],2024-09-26T06:25:00Z,false,false
stackflow,@stackflow/plugin-history-sync@1.7.0,@stackflow/plugin-history-sync@1.7.0,github-actions[bot],2024-09-26T06:24:51Z,false,false
seed-design,@seed-design/webpack-plugin@0.0.30,@seed-design/webpack-plugin@0.0.30,github-actions[bot],2025-06-02T10:01:52Z,false,false
seed-design,@seed-design/vite-plugin@0.0.30,@seed-design/vite-plugin@0.0.30,github-actions[bot],2025-06-02T10:02:10Z,false,false
seed-design,@seed-design/stackflow@0.0.30,@seed-design/stackflow@0.0.30,github-actions[bot],2025-06-02T10:01:49Z,false,false
seed-design,@seed-design/rsbuild-plugin@0.0.30,@seed-design/rsbuild-plugin@0.0.30,github-actions[bot],2025-06-02T10:01:46Z,false,false
seed-design,@seed-design/react@0.0.30,@seed-design/react@0.0.30,github-actions[bot],2025-06-02T10:02:01Z,false,false
seed-design,@seed-design/react-tabs@0.0.7,@seed-design/react-tabs@0.0.7,github-actions[bot],2025-06-02T10:02:07Z,false,false
seed-design,@seed-design/react-pull-to-refresh@0.0.6,@seed-design/react-pull-to-refresh@0.0.6,github-actions[bot],2025-06-02T10:01:58Z,false,false
seed-design,@seed-design/mcp@0.0.30,@seed-design/mcp@0.0.30,github-actions[bot],2025-06-02T10:01:43Z,false,false
seed-design,@seed-design/figma@0.0.30,@seed-design/figma@0.0.30,github-actions[bot],2025-06-02T10:01:55Z,false,false
seed-design,@seed-design/css@0.0.30,@seed-design/css@0.0.30,github-actions[bot],2025-06-02T10:02:04Z,false,false
seed-design,@seed-design/webpack-plugin@0.0.29,@seed-design/webpack-plugin@0.0.29,github-actions[bot],2025-05-30T12:58:30Z,false,false
seed-design,@seed-design/vite-plugin@0.0.29,@seed-design/vite-plugin@0.0.29,github-actions[bot],2025-05-30T12:58:21Z,false,false
seed-design,@seed-design/stackflow@0.0.29,@seed-design/stackflow@0.0.29,github-actions[bot],2025-05-30T12:58:03Z,false,false
seed-design,@seed-design/rsbuild-plugin@0.0.29,@seed-design/rsbuild-plugin@0.0.29,github-actions[bot],2025-05-30T12:58:27Z,false,false
seed-design,@seed-design/react@0.0.29,@seed-design/react@0.0.29,github-actions[bot],2025-05-30T12:57:36Z,false,false
seed-design,@seed-design/react-toggle@0.0.4,@seed-design/react-toggle@0.0.4,github-actions[bot],2025-05-30T12:58:09Z,false,false
seed-design,@seed-design/react-text-field@0.0.4,@seed-design/react-text-field@0.0.4,github-actions[bot],2025-05-30T12:58:15Z,false,false
seed-design,@seed-design/react-tabs@0.0.6,@seed-design/react-tabs@0.0.6,github-actions[bot],2025-05-30T12:58:18Z,false,false
seed-design,@seed-design/react-switch@0.0.4,@seed-design/react-switch@0.0.4,github-actions[bot],2025-05-30T12:58:06Z,false,false
seed-design,@seed-design/react-snackbar@0.0.5,@seed-design/react-snackbar@0.0.5,github-actions[bot],2025-05-30T12:57:51Z,false,false
seed-design,@seed-design/react-segmented-control@0.0.5,@seed-design/react-segmented-control@0.0.5,github-actions[bot],2025-05-30T12:57:42Z,false,false
seed-design,@seed-design/react-radio-group@0.0.4,@seed-design/react-radio-group@0.0.4,github-actions[bot],2025-05-30T12:58:24Z,false,false
seed-design,@seed-design/react-pull-to-refresh@0.0.5,@seed-design/react-pull-to-refresh@0.0.5,github-actions[bot],2025-05-30T12:58:12Z,false,false
seed-design,@seed-design/react-progress@0.0.4,@seed-design/react-progress@0.0.4,github-actions[bot],2025-05-30T12:57:57Z,false,false
seed-design,@seed-design/react-primitive@0.0.3,@seed-design/react-primitive@0.0.3,github-actions[bot],2025-05-30T12:57:45Z,false,false
seed-design,@seed-design/react-popover@0.0.7,@seed-design/react-popover@0.0.7,github-actions[bot],2025-05-30T12:57:48Z,false,false
seed-design,@seed-design/react-dialog@0.0.5,@seed-design/react-dialog@0.0.5,github-actions[bot],2025-05-30T12:57:39Z,false,false
seed-design,@seed-design/react-checkbox@0.0.4,@seed-design/react-checkbox@0.0.4,github-actions[bot],2025-05-30T12:57:33Z,false,false
seed-design,@seed-design/react-avatar@0.0.4,@seed-design/react-avatar@0.0.4,github-actions[bot],2025-05-30T12:57:28Z,false,false
seed-design,@seed-design/mcp@0.0.29,@seed-design/mcp@0.0.29,github-actions[bot],2025-05-30T12:57:54Z,false,false
